taxon,pure,null,empty,measurable,npos,nsim,species,nearest_window
Reptilia,False,0.029914529914529916,False,True,13,0.12871732,116570,BC2026_Train_0003_S08_20250607_070007_20
Amphibia,False,0.02564102564102564,False,True,79,0.12487,1491113,BC2026_Train_0025_S22_20211127_024500_55
Amphibia,True,0.021367521367521368,False,True,36,0.43802023,22961,BC2026_Train_0039_S22_20211231_201500_20
Amphibia,True,0.02564102564102564,False,True,155,0.2103814,22967,BC2026_Train_0025_S22_20211127_024500_55
Amphibia,True,0.02564102564102564,False,True,212,0.26109284,22973,BC2026_Train_0025_S22_20211127_024500_55
Amphibia,True,0.021367521367521368,False,True,175,0.56194735,23158,BC2026_Train_0039_S22_20211231_201500_20
Amphibia,True,0.029914529914529916,False,True,173,0.56710684,24279,BC2026_Train_0036_S22_20211224_234500_50
Amphibia,True,0.029914529914529916,False,True,172,0.48642027,24321,BC2026_Train_0036_S22_20211224_234500_50
Amphibia,True,0.03418803418803419,False,True,12,0.21530284,25073,BC2026_Train_0063_S19_20241214_190000_15
Amphibia,False,0.017094017094017096,False,True,24,0.2233406,25092,BC2026_Train_0039_S22_20211231_201500_45
Amphibia,True,0.03418803418803419,False,True,23,0.14377093,326272,BC2026_Train_0063_S19_20241214_190000_15
Mammalia,True,0.021367521367521368,False,True,12,0.22407955,43435,BC2026_Train_0065_S23_20241124_040002_60
Mammalia,False,0.021367521367521368,False,True,15,-0.0046665138,47144,BC2026_Train_0017_S22_20211026_233000_40
Insecta,True,0.029914529914529916,False,True,23,0.10131231,47158son01,BC2026_Train_0002_S08_20250607_030007_45
Insecta,True,0.021367521367521368,False,True,7,0.28874093,47158son02,BC2026_Train_0065_S23_20241124_040002_15
Insecta,False,0.029914529914529916,False,True,33,0.20454133,47158son03,BC2026_Train_0003_S08_20250607_070007_20
Insecta,True,0.017094017094017096,False,True,17,0.1910699,47158son04,BC2026_Train_0064_S23_20241124_032002_45
Insecta,True,0.03418803418803419,False,True,3,0.09367678,47158son05,BC2026_Train_0063_S19_20241214_190000_45
Insecta,True,0.021367521367521368,False,True,18,0.30466282,47158son06,BC2026_Train_0065_S23_20241124_040002_15
Insecta,True,0.017094017094017096,False,True,48,0.22257578,47158son07,BC2026_Train_0059_S15_20250617_060200_30
Insecta,True,0.029914529914529916,False,True,17,0.20494595,47158son08,BC2026_Train_0003_S08_20250607_070007_60
Insecta,True,0.029914529914529916,False,True,6,0.11393916,47158son09,BC2026_Train_0062_S19_20241213_193000_50
Insecta,True,0.017094017094017096,False,True,33,0.10175019,47158son10,BC2026_Train_0064_S23_20241124_032002_45
Insecta,True,0.029914529914529916,False,True,36,0.14132252,47158son11,BC2026_Train_0003_S08_20250607_070007_40
Insecta,True,0.029914529914529916,False,True,5,0.1280581,47158son12,BC2026_Train_0062_S19_20241213_193000_10
Insecta,True,0.038461538461538464,False,True,36,0.13731746,47158son13,BC2026_Train_0001_S08_20250606_030007_60
Insecta,True,0.021367521367521368,False,True,12,0.32209685,47158son14,BC2026_Train_0065_S23_20241124_040002_15
Insecta,True,0.021367521367521368,False,True,12,0.1727484,47158son15,BC2026_Train_0005_S08_20250607_070007_30
Insecta,True,0.021367521367521368,False,True,12,0.1727484,47158son16,BC2026_Train_0005_S08_20250607_070007_30
Insecta,True,0.029914529914529916,False,True,43,0.22721504,47158son17,BC2026_Train_0003_S08_20250607_070007_20
Insecta,True,0.021367521367521368,False,True,12,0.17916292,47158son18,BC2026_Train_0004_S08_20250607_070007_10
Insecta,True,0.029914529914529916,False,True,5,0.12796187,47158son19,BC2026_Train_0003_S08_20250607_070007_20
Insecta,True,0.029914529914529916,False,True,12,0.19498247,47158son20,BC2026_Train_0003_S08_20250607_070007_60
Insecta,True,0.038461538461538464,False,True,22,0.1984305,47158son21,BC2026_Train_0001_S08_20250606_030007_60
Insecta,True,0.03418803418803419,False,True,24,0.20450619,47158son22,BC2026_Train_0001_S08_20250606_030007_55
Insecta,True,0.03418803418803419,False,True,24,0.20450619,47158son23,BC2026_Train_0001_S08_20250606_030007_55
Insecta,True,0.03418803418803419,False,True,24,0.15320057,47158son24,BC2026_Train_0063_S19_20241214_190000_15
Insecta,True,0.029914529914529916,False,True,84,0.15647414,47158son25,BC2026_Train_0003_S08_20250607_070007_20
Amphibia,True,0.021367521367521368,False,True,307,0.14512977,517063,BC2026_Train_0039_S22_20211231_201500_20
Amphibia,True,0.02564102564102564,False,True,203,0.51907814,555146,BC2026_Train_0042_S22_20220106_210000_15
Amphibia,True,0.01282051282051282,False,True,9,0.10636434,65377,BC2026_Train_0014_S13_20220228_214500_15
Amphibia,True,0.02564102564102564,False,True,333,0.58181745,65380,BC2026_Train_0036_S22_20211224_234500_25
Amphibia,True,0.02564102564102564,False,True,149,0.40885442,66971,BC2026_Train_0042_S22_20220106_210000_30
Amphibia,True,0.03418803418803419,False,True,9,0.08699879,67107,BC2026_Train_0063_S19_20241214_190000_15
Amphibia,True,0.03418803418803419,False,True,2,-0.03140074,67252,BC2026_Train_0027_S22_20211129_014500_15
Mammalia,False,0.021367521367521368,False,True,2,-0.049548592,74113,BC2026_Train_0017_S22_20211026_233000_30
Aves,False,0.017094017094017096,False,True,9,0.12105444,bafcur1,BC2026_Train_0064_S23_20241124_032002_45
Aves,True,0.01282051282051282,False,True,14,-0.03471015,bufpar,BC2026_Train_0048_S22_20220131_180000_30
Aves,False,0.021367521367521368,False,True,2,-0.076582134,bunibi1,BC2026_Train_0039_S22_20211231_201500_30
Aves,True,0.02564102564102564,False,True,63,0.16774763,chacha1,BC2026_Train_0058_S15_20250617_060100_50
Aves,True,0.017094017094017096,False,True,35,0.19667278,chvcon1,BC2026_Train_0059_S15_20250617_060200_35
Aves,True,0.021367521367521368,False,True,37,-0.0047230665,compau,BC2026_Train_0017_S22_20211026_233000_35
Aves,False,0.02564102564102564,False,True,3,-0.13670349,compot1,BC2026_Train_0025_S22_20211127_024500_55
Aves,False,0.021367521367521368,False,True,3,-0.073635146,fusfly1,BC2026_Train_0059_S15_20250617_060200_10
Aves,True,0.01282051282051282,False,True,10,-0.038751934,hyamac1,BC2026_Train_0048_S22_20220131_180000_30
Aves,False,0.017094017094017096,False,True,3,-0.037141718,limpki,BC2026_Train_0059_S15_20250617_060200_30
Aves,True,0.021367521367521368,False,True,37,0.057250645,litnig1,BC2026_Train_0017_S22_20211026_233000_35
Aves,True,0.021367521367521368,False,True,5,0.03535276,magant1,BC2026_Train_0058_S15_20250617_060100_45
Aves,True,0.021367521367521368,False,True,11,0.04981437,nacnig1,BC2026_Train_0017_S22_20211026_233000_35
Aves,True,0.021367521367521368,False,True,13,0.022076752,orwpar,BC2026_Train_0059_S15_20250617_060200_15
Aves,False,0.017094017094017096,False,True,5,0.03172239,purjay1,BC2026_Train_0059_S15_20250617_060200_35
Aves,True,0.02564102564102564,False,True,12,0.052126553,redjun,BC2026_Train_0025_S22_20211127_024500_55
Aves,True,0.02564102564102564,False,True,4,0.038930926,rufhor2,BC2026_Train_0066_S23_20241124_044002_25
Aves,True,0.029914529914529916,False,True,1,-0.09032133,ruther1,BC2026_Train_0058_S15_20250617_060100_25
Aves,False,0.01282051282051282,False,True,1,-0.042529665,rutjac1,BC2026_Train_0058_S15_20250617_060100_5
Aves,True,0.01282051282051282,False,True,1,-0.050157964,sibtan2,BC2026_Train_0048_S22_20220131_180000_10
Aves,False,0.021367521367521368,False,True,2,-0.05144581,strher2,BC2026_Train_0017_S22_20211026_233000_35
Aves,False,0.02564102564102564,False,True,26,0.019838475,trsowl,BC2026_Train_0025_S22_20211127_024500_55
Aves,True,0.02564102564102564,False,True,43,-0.070336014,undtin1,BC2026_Train_0025_S22_20211127_024500_55
Aves,True,0.021367521367521368,False,True,1,0.04325027,wfwduc1,BC2026_Train_0064_S23_20241124_032002_60
Aves,True,0.02564102564102564,False,True,63,0.18702239,whtdov,BC2026_Train_0058_S15_20250617_060100_50
